accession	organism
GCF_000005845.2	Escherichia coli str. K-12 substr. MG1655
GCF_000006745.1	Vibrio cholerae O1 biovar El Tor str. N16961
GCF_000006765.1	Pseudomonas aeruginosa PAO1
GCF_000006785.2	Streptococcus pyogenes M1 GAS
GCF_000006825.1	Pasteurella multocida subsp. multocida str. Pm70
GCF_000006845.1	Neisseria gonorrhoeae FA 1090
GCF_000006885.1	Streptococcus pneumoniae TIGR4
GCF_000006925.2	Shigella flexneri 2a str. 301
GCF_000006945.2	Salmonella enterica subsp. enterica serovar Typhimurium str. LT2
GCF_000007045.1	Streptococcus pneumoniae R6
GCF_000007265.1	Streptococcus agalactiae 2603V/R
GCF_000007285.1	Streptococcus pyogenes MGAS8232
GCF_000007405.1	Shigella flexneri 2a str. 2457T
GCF_000007425.1	Streptococcus pyogenes MGAS315
GCF_000007445.1	Escherichia coli CFT073
GCF_000007465.2	Streptococcus mutans UA159
GCF_000007545.1	Salmonella enterica subsp. enterica serovar Typhi str. Ty2
GCF_000007565.2	Pseudomonas putida KT2440
GCF_000007785.1	Enterococcus faecalis V583
GCF_000008105.1	Salmonella enterica subsp. enterica serovar Choleraesuis str. SC-B67
GCF_000008285.1	Listeria monocytogenes serotype 4b str. F2365
GCF_000008485.1	Legionella pneumophila subsp. pneumophila str. Philadelphia 1
GCF_000008585.1	Mycobacterium tuberculosis CDC1551
GCF_000008605.1	Treponema pallidum subsp. pallidum str. Nichols
GCF_000008805.1	Neisseria meningitidis MC58
GCF_000008865.2	Escherichia coli O157:H7 str. Sakai
GCF_000009005.1	Staphylococcus aureus RF122
GCF_000009085.1	Campylobacter jejuni subsp. jejuni NCTC 11168 = ATCC 700819
GCF_000009105.1	Neisseria meningitidis Z2491
GCF_000009205.2	Clostridioides difficile 630
GCF_000009345.1	Yersinia enterocolitica subsp. enterocolitica 8081
GCF_000009385.1	Streptococcus pyogenes str. Manfredo
GCF_000009465.1	Neisseria meningitidis FAM18
GCF_000009505.1	Salmonella enterica subsp. enterica serovar Enteritidis str. P125109
GCF_000009525.1	Salmonella enterica subsp. enterica serovar Gallinarum str. 287/91
GCF_000009565.1	Escherichia coli BL21(DE3)
GCF_000009585.1	Staphylococcus aureus subsp. aureus ST398
GCF_000009645.1	Staphylococcus aureus subsp. aureus N315
GCF_000009665.1	Staphylococcus aureus subsp. aureus Mu50
GCF_000009685.1	Clostridium perfringens str. 13
GCF_000009745.1	Vibrio vulnificus YJ016
GCF_000009885.1	Klebsiella pneumoniae subsp. pneumoniae NTUH-K2044
GCF_000010245.2	Escherichia coli str. K-12 substr. W3110
GCF_000010385.1	Escherichia coli SE11
GCF_000010445.1	Staphylococcus aureus subsp. aureus Mu3
GCF_000010485.1	Escherichia coli SE15
GCF_000010685.1	Mycobacterium tuberculosis variant bovis BCG str. Tokyo 172
GCF_000011285.1	Streptococcus pyogenes SSI-1
GCF_000011705.1	Burkholderia mallei ATCC 23344
GCF_000011865.1	Campylobacter jejuni RM1221
GCF_000011885.1	Salmonella enterica subsp. enterica serovar Paratyphi A str. ATCC 9150
GCF_000012005.1	Shigella dysenteriae Sd197
GCF_000012025.1	Shigella boydii Sb227
GCF_000012185.1	Haemophilus influenzae 86-028NP
GCF_000012705.1	Streptococcus agalactiae A909
GCF_000013285.1	Clostridium perfringens ATCC 13124
GCF_000013425.1	Staphylococcus aureus subsp. aureus NCTC 8325
GCF_000013585.1	Shigella flexneri 5 str. 8401
GCF_000013845.2	Clostridium perfringens SM101
GCF_000014105.1	Neisseria meningitidis 053442
GCF_000014365.2	Streptococcus pneumoniae D39
GCF_000014625.1	Pseudomonas aeruginosa UCBPP-PA14
GCF_000014805.1	Aeromonas hydrophila subsp. hydrophila ATCC 7966
GCF_000015085.1	Campylobacter fetus subsp. fetus 82-40
GCF_000015465.1	Burkholderia mallei SAVP1
GCF_000015525.1	Campylobacter jejuni subsp. jejuni 81-176
GCF_000015605.1	Burkholderia mallei NCTC 10229
GCF_000015625.1	Burkholderia mallei NCTC 10247
GCF_000016145.1	Mycobacterium tuberculosis H37Ra
GCF_000016245.1	Vibrio cholerae O395
GCF_000016305.1	Klebsiella pneumoniae subsp. pneumoniae MGH 78578
GCF_000016925.1	Mycobacterium tuberculosis F11
GCF_000017025.1	Clostridium botulinum A str. ATCC 19397
GCF_000017045.1	Clostridium botulinum A str. Hall
GCF_000017065.1	Clostridium botulinum F str. Langeland
GCF_000017465.2	Campylobacter curvus 525.92
GCF_000017585.1	Campylobacter hominis ATCC BAA-381
GCF_000017665.1	Cronobacter sakazakii ATCC BAA-894
GCF_000017725.2	Campylobacter concisus 13826
GCF_000017905.1	Campylobacter jejuni subsp. jejuni 81116
GCF_000018185.1	Streptococcus suis GZ1
GCF_000018445.1	Acinetobacter baumannii ACICU
GCF_000018965.1	Streptococcus pneumoniae 70585
GCF_000018985.1	Streptococcus pneumoniae JJA
GCF_000019125.1	Pseudomonas putida GB-1
GCF_000019205.1	Campylobacter lari RM2100
GCF_000019305.1	Clostridium botulinum B1 str. Okra
GCF_000019545.1	Clostridium botulinum A3 str. Loch Maree
GCF_000019565.1	Klebsiella variicola
GCF_000020105.1	Neisseria gonorrhoeae NCCP11945
GCF_000020185.1	Shigella boydii CDC 3083-94
GCF_000020665.1	Stenotrophomonas maltophilia R551-3
GCF_000020765.1	Streptococcus equi subsp. zooepidemicus MGCS10565
GCF_000020865.1	Edwardsiella piscicida
GCF_000021185.1	Listeria monocytogenes HCC23
GCF_000021245.2	Acinetobacter baumannii AB0057
GCF_000021605.1	Vibrio cholerae M66-2
GCF_000021625.1	Vibrio cholerae O395
GCF_000022245.1	Shigella flexneri 2002017
GCF_000022585.1	Vibrio cholerae MJ-1236
GCF_000022885.2	Edwardsiella ictaluri 93-146
GCF_000022925.1	Listeria monocytogenes 08-5923
GCF_000023625.1	Mycobacterium tuberculosis KZN 1435
GCF_000024825.1	Vibrio antiquarius
GCF_000025425.1	Campylobacter jejuni subsp. jejuni IA3902
GCF_000025465.1	Klebsiella variicola At-22
GCF_000025565.1	Enterobacter cloacae subsp. cloacae ATCC 13047
GCF_000026585.1	Streptococcus equi subsp. equi 4047
GCF_000026605.1	Streptococcus equi subsp. zooepidemicus
GCF_000026645.1	Pseudomonas aeruginosa LESB58
GCF_000026705.1	Listeria monocytogenes serotype 4b str. CLIP 80459
GCF_000026725.1	Streptococcus suis SC84
GCF_000026745.1	Streptococcus suis BM407
GCF_000026965.1	Neisseria meningitidis 8013
GCF_000027145.1	Listeria seeligeri serovar 1/2b str. SLCC3954
GCF_000039765.1	Vibrio vulnificus CMCP6
GCF_000046845.1	Acinetobacter baylyi ADP1
GCF_000048645.1	Legionella pneumophila str. Paris
GCF_000048665.1	Legionella pneumophila str. Lens
GCF_000060285.1	Listeria welshimeri serovar 6b str. SLCC5334
GCF_000063585.1	Clostridium botulinum A str. ATCC 3502
GCF_000064305.2	Flavobacterium psychrophilum JIP02/86
GCF_000069245.1	Acinetobacter baumannii AYE
GCF_000072485.1	Stenotrophomonas maltophilia K279a
GCF_000085225.1	Clostridioides difficile CD196
GCF_000091645.1	Streptococcus mutans NN2025
GCF_000091905.1	Streptococcus suis P1/7
GCF_000092525.1	Shigella sonnei Ss046
GCF_000092545.1	Legionella pneumophila str. Corby
GCF_000092625.1	Legionella pneumophila 2300/99 Alcoy
GCF_000093125.2	Listeria monocytogenes 08-5578
GCF_000148705.1	Campylobacter jejuni subsp. jejuni M1
GCF_000156855.2	Neisseria gonorrhoeae MS11
GCF_000165525.1	Haemophilus influenzae R2866
GCF_000165575.1	Haemophilus influenzae R2846
GCF_000168335.1	Pseudomonas aeruginosa PACS2
GCF_000168355.3	Streptococcus suis 05HAS68
GCF_000172575.2	Enterococcus faecalis OG1RF
GCF_000174395.2	Enterococcus faecium DO
GCF_000176835.2	Serratia plymuthica 4Rx13
GCF_000183645.1	Pseudomonas putida BIRD-1
GCF_000185885.1	Staphylococcus pseudintermedius HKU10-03
GCF_000186405.1	Streptococcus suis JS14
GCF_000186585.1	Vibrio vulnificus MO6-24/O
GCF_000186665.3	Acinetobacter baumannii D1279779
GCF_000187205.2	Acinetobacter baumannii MDR-TJ
GCF_000189495.1	Staphylococcus pseudintermedius ED99
GCF_000191145.1	Acinetobacter pittii PHEA-2
GCF_000192105.1	Yersinia enterocolitica subsp. palearctica 105.5R(r)
GCF_000195795.1	Listeria innocua Clip11262
GCF_000195955.2	Mycobacterium tuberculosis H37Rv
GCF_000196035.1	Listeria monocytogenes EGD-e
GCF_000196055.1	Streptococcus agalactiae NEM316
GCF_000196095.1	Vibrio parahaemolyticus RIMD 2210633
GCF_000196295.1	Neisseria lactamica 020-06
GCF_000196395.1	Aeromonas salmonicida subsp. salmonicida A449
GCF_000196795.1	Acinetobacter oleivorans DR1
GCF_000197875.1	Haemophilus influenzae F3031
GCF_000200475.1	Haemophilus influenzae F3047
GCF_000204115.1	Aeromonas veronii B565
GCF_000210415.1	Clostridioides difficile CF5
GCF_000210435.1	Clostridioides difficile M120
GCF_000210455.1	Clostridioides difficile 2007855
GCF_000211255.2	Enterococcus faecalis 62
GCF_000214195.1	Serratia sp. AS12
GCF_000214235.1	Serratia plymuthica AS9
GCF_000214805.1	Serratia sp. AS13
GCF_000215745.1	Klebsiella aerogenes KCTC 2190
GCF_000219705.1	Pseudomonas putida S16
GCF_000219765.1	Streptococcus equi subsp. zooepidemicus ATCC 35246
GCF_000220485.1	Klebsiella pneumoniae KCTC 2242
GCF_000223885.1	Stenotrophomonas maltophilia JV3
GCF_000223945.1	Pseudomonas aeruginosa 19BR
GCF_000223965.1	Pseudomonas aeruginosa 213BR
GCF_000224675.1	Enterobacter soli
GCF_000226035.2	Pseudomonas putida B6-2
GCF_000234745.1	Pasteurella multocida 36950
GCF_000235765.1	Enterobacter cloacae subsp. dissolvens SDM
GCF_000239975.1	Enterobacter ludwigii
GCF_000240095.2	Elizabethkingia anophelis Ag1
GCF_000240185.1	Klebsiella pneumoniae subsp. pneumoniae HS11286
GCF_000240325.1	Klebsiella michiganensis KCTC 1686
GCF_000250945.2	Enterococcus faecium Aus0004
GCF_000252975.1	Listeria ivanovii subsp. ivanovii PAM 55
GCF_000252995.1	Salmonella bongori NCTC 12419
GCF_000253175.1	Yersinia enterocolitica subsp. palearctica Y11
GCF_000255915.1	Pasteurella multocida subsp. multocida str. HN06
GCF_000259175.1	Providencia stuartii MRSN 2154
GCF_000259545.1	Pasteurella multocida subsp. multocida str. 3480
GCF_000261045.2	Serratia inhibens PRI-2C
GCF_000263215.1	Cronobacter sakazakii ES15
GCF_000271405.2	Enterococcus hirae ATCC 9790
GCF_000271865.1	Streptococcus mutans GS-5
GCF_000276705.2	Klebsiella michiganensis E718
GCF_000281195.1	Enterococcus faecalis D32
GCF_000281435.2	Klebsiella pneumoniae subsp. pneumoniae KPNIH10
GCF_000281535.2	Klebsiella pneumoniae subsp. pneumoniae KPNIH1
GCF_000283715.1	Shigella sonnei 53G
GCF_000284575.1	Streptococcus mutans LJ23
GCF_000286275.1	Enterobacter kobei
GCF_000286435.2	Morganella morganii subsp. morganii KT
GCF_000287215.2	Aeromonas media WS
GCF_000299135.1	Streptococcus agalactiae GD201008-001
GCF_000314855.2	Providencia burhodogranariea DSM 19968
GCF_000314895.2	Providencia sneebia DSM 19967
GCF_000317915.1	Enterococcus faecalis str. Symbioflor 1
GCF_000321045.1	Phytobacter massiliensis JC163
GCF_000328405.1	Vibrio parahaemolyticus BB22OP
GCF_000330865.1	Serratia sp. FGI94
GCF_000334515.1	Klebsiella aerogenes EA1509E
GCF_000336405.1	Enterococcus faecium ATCC 8459 = NRRL B-2354
GCF_000336425.1	Serratia marcescens WW4
GCF_000339015.1	Cronobacter sakazakii SP291
GCF_000348565.1	Edwardsiella piscicida C07-087
GCF_000349765.2	Mannheimia haemolytica USDA-ARS-USMARC-183
GCF_000349785.2	Mannheimia haemolytica USDA-ARS-USMARC-185
GCF_000354175.2	Vibrio alginolyticus NBRC 15630 = ATCC 17749
GCF_000367425.1	Klebsiella ornithinolytica B6
GCF_000367945.1	Acinetobacter proteolyticus
GCF_000367965.1	Acinetobacter modestus
GCF_000368265.1	Acinetobacter brisouisimilis
GCF_000368565.1	Acinetobacter gerneri DSM 14967 = CIP 107464 = MTCC 9824
GCF_000368585.1	Acinetobacter venetianus RAG-1 = CIP 110063
GCF_000368805.1	Acinetobacter johnsonii ANC 3681
GCF_000369005.1	Acinetobacter beijerinckii CIP 110307
GCF_000369845.1	Acinetobacter higginsii
GCF_000369885.1	Acinetobacter ursingii NIPH 706
GCF_000376645.1	Mannheimia haemolytica M42548
GCF_000393015.1	Enterococcus faecalis EnGen0336
GCF_000401555.1	Aeromonas hydrophila ML09-119
GCF_000409345.2	Cronobacter dublinensis subsp. lactaridi LMG 23825
GCF_000409365.2	Cronobacter dublinensis subsp. lausannensis LMG 23824
GCF_000410535.2	Treponema pallidum subsp. pallidum str. Nichols
GCF_000412675.1	Pseudomonas putida NBRC 14164
GCF_000413895.1	Acinetobacter rudis CIP 110305
GCF_000413935.1	Acinetobacter colistiniresistens
GCF_000422085.1	Serratia liquefaciens ATCC 27592
GCF_000422095.1	Mannheimia haemolytica D174
GCF_000422145.1	Mannheimia haemolytica D153
GCF_000427035.1	Streptococcus agalactiae 09mas018883
GCF_000430405.1	Vibrio parahaemolyticus O1:Kuk str. FDA_R31
GCF_000430425.1	Vibrio parahaemolyticus O1:K33 str. CDC_K4557
GCF_000438825.1	Serratia plymuthica S13
GCF_000439255.1	Salmonella bongori N268-08
GCF_000464515.2	Aeromonas veronii Hm21
GCF_000465235.1	Campylobacter coli CVM N29710
GCF_000478385.1	Staphylococcus pseudintermedius E140
GCF_000478545.1	Serratia plymuthica RVH1
GCF_000488215.1	Acinetobacter nectaris CIP 110549
GCF_000488275.1	Acinetobacter brisouii CIP 110357
GCF_000494775.2	Campylobacter coli 15-537360
GCF_000495935.2	Elizabethkingia anophelis NUHP1
GCF_000504545.1	Cronobacter malonaticus
GCF_000512375.1	Enterobacter ludwigii
GCF_000512395.1	Pasteurella multocida subsp. multocida str. HB03
GCF_000512745.2	Campylobacter fetus subsp. venerealis cfvi03/293
GCF_000513215.1	Serratia marcescens subsp. marcescens Db11
GCF_000525855.1	Listeria cornellensis FSL F6-0969
GCF_000525875.1	Listeria floridensis FSL S10-1187
GCF_000565155.1	Listeria ivanovii WSLC3009
GCF_000568495.1	Vibrio parahaemolyticus UCM-V493
GCF_000583755.1	Campylobacter coli RM1875
GCF_000583775.1	Campylobacter coli RM4661
GCF_000583795.1	Campylobacter coli RM5611
GCF_000604125.1	Treponema pallidum subsp. pallidum str. Sea 81-4
GCF_000621385.1	Legionella cherrii DSM 19213
GCF_000632395.1	Enterobacter asburiae L1
GCF_000633175.1	Aeromonas hydrophila subsp. hydrophila AL09-71
GCF_000635955.1	Aeromonas hydrophila pc104A
GCF_000695995.1	Serratia sp. FS14
GCF_000696505.1	Streptococcus equi subsp. zooepidemicus CY
GCF_000709535.1	Salmonella bongori serovar 48:z41:-- str. RKS3044
GCF_000724525.1	Klebsiella michiganensis
GCF_000736415.1	Campylobacter iguaniorum
GCF_000737555.1	Enterococcus faecium T110
GCF_000739395.1	Flavobacterium psychrophilum
GCF_000743955.1	Shigella flexneri 2003036
GCF_000743995.1	Shigella flexneri Shi06HN006
GCF_000746665.1	Vibrio vulnificus
GCF_000747565.1	Serratia sp. SCBI
GCF_000750225.1	Enterobacter hormaechei subsp. hoffmannii ECNIH3
GCF_000750275.1	Enterobacter hormaechei subsp. hoffmannii ECR091
GCF_000754345.1	Providencia stuartii
GCF_000754365.1	Flavobacterium psychrophilum FPG101
GCF_000754405.1	Flavobacterium psychrophilum FPG3
GCF_000755785.1	Burkholderia mallei
GCF_000757785.1	Pluralibacter gergoviae
GCF_000759485.1	Campylobacter fetus subsp. fetus 04/554
GCF_000759515.1	Campylobacter fetus subsp. venerealis 97/608
GCF_000759995.1	Acinetobacter tjernbergiae
GCF_000763475.1	Listeria ivanovii subsp. londoniensis
GCF_000763495.1	Listeria ivanovii subsp. londoniensis
GCF_000763515.1	Listeria ivanovii subsp. ivanovii
GCF_000764645.1	Aeromonas finlandensis
GCF_000764655.1	Aeromonas aquatica
GCF_000764665.1	Aeromonas lacus
GCF_000766865.1	Listeria booriae
GCF_000767095.1	Flavobacterium psychrophilum
GCF_000770115.1	Vibrio harveyi
GCF_000770155.1	Enterobacter cloacae
GCF_000775355.2	Yersinia ruckeri
GCF_000783755.2	Citrobacter freundii
GCF_000783775.2	Aeromonas caviae
GCF_000783915.2	Serratia marcescens
GCF_000783935.2	Klebsiella planticola
GCF_000783955.2	Morganella morganii
GCF_000807405.2	Enterobacter hormaechei subsp. xiangfangensis
GCF_000807415.2	Enterobacter roggenkampii
GCF_000807425.2	Enterobacter hormaechei subsp. steigerwaltii
GCF_000812205.2	Klebsiella variicola
GCF_000814125.3	Enterobacter hormaechei subsp. steigerwaltii
GCF_000814165.3	Acinetobacter nosocomialis
GCF_000814265.1	Campylobacter fetus subsp. testudinum
GCF_000816185.1	Campylobacter insulaenigrae NCTC 12927
GCF_000816225.1	Campylobacter lari subsp. concheus LMG 11760
GCF_000816245.1	Campylobacter sp. RM16704
GCF_000816265.1	Campylobacter subantarcticus LMG 24374
GCF_000816305.1	Campylobacter subantarcticus LMG 24377
GCF_000816345.1	Campylobacter volucris LMG 24379
GCF_000816365.1	Campylobacter lari NCTC 11845
GCF_000816385.2	Campylobacter lari CCUG 22395
GCF_000816405.1	Campylobacter lari RM16701
GCF_000816495.1	Acinetobacter harbinensis
GCF_000816785.1	Campylobacter peloridis LMG 23910
GCF_000817065.1	Streptococcus mutans UA159-FR
GCF_000818035.1	Neisseria elongata subsp. glycolytica ATCC 29315
GCF_000819505.1	Aeromonas hydrophila J-1
GCF_000819725.1	Aeromonas australiensis
GCF_000819805.1	Aeromonas diversa CDC 2478-85
GCF_000819865.1	Aeromonas eucrenophila
GCF_000819885.1	Aeromonas fluvialis
GCF_000820085.1	Aeromonas sanarellii
GCF_000820145.1	Aeromonas sobria
GCF_000820165.1	Aeromonas taiwanensis
GCF_000820185.1	Aeromonas tecta
GCF_000821185.2	Serratia symbiotica
GCF_000828055.2	Klebsiella variicola
GCF_000828775.1	Serratia marcescens SM39
GCF_000829965.1	Klebsiella ornithinolytica
GCF_000831185.1	Flavobacterium psychrophilum
GCF_000831485.1	Streptococcus iniae
GCF_000834195.1	Yersinia enterocolitica
GCF_000834255.1	Yersinia ruckeri
GCF_000834735.1	Yersinia enterocolitica
GCF_000940915.1	Aeromonas hydrophila
GCF_000964565.1	Yersinia ruckeri
GCF_000968115.1	Yersinia enterocolitica (type O:5) str. YE53/03
GCF_000975245.1	Serratia liquefaciens
GCF_000982825.1	Cronobacter sakazakii
GCF_001006005.1	Serratia fonticola
GCF_001011055.2	Edwardsiella tarda
GCF_001011675.1	Elizabethkingia anophelis FMS-007
GCF_001021995.1	Klebsiella aerogenes
GCF_001022095.1	Enterobacter asburiae
GCF_001022115.1	Klebsiella oxytoca
GCF_001022155.1	Citrobacter freundii
GCF_001022215.1	Serratia marcescens
GCF_001022275.1	Citrobacter freundii
GCF_001022295.1	Klebsiella oxytoca
GCF_001027225.1	Shigella boydii
GCF_001029645.1	Enterobacter ludwigii
GCF_001047225.1	Neisseria gonorrhoeae
GCF_001047255.1	Neisseria gonorrhoeae
GCF_001050295.1	Listeria fleischmannii 1991
GCF_001188185.2	Vibrio parahaemolyticus
GCF_001190745.1	Campylobacter gracilis
GCF_001190755.1	Campylobacter ureolyticus RIGS 9880
GCF_001262735.2	Vibrio harveyi
GCF_001274595.1	Stenotrophomonas maltophilia
GCF_001277175.1	Cronobacter universalis NCTC 9529
GCF_001277195.1	Cronobacter muytjensii ATCC 51329
GCF_001277215.2	Cronobacter malonaticus LMG 23826
GCF_001277235.1	Cronobacter dublinensis subsp. dublinensis LMG 23823
GCF_001277255.1	Cronobacter condimenti 1330
GCF_001277275.1	Cronobacter sakazakii
GCF_001278715.1	Acinetobacter sp. TTH0-4
GCF_001278905.1	Klebsiella quasipneumoniae
GCF_001280925.1	Klebsiella quasipneumoniae
GCF_001281005.1	Citrobacter portucalensis
GCF_001298465.1	Campylobacter concisus
GCF_001298485.1	Enterococcus faecium
GCF_001304735.1	Clostridium perfringens
GCF_001307195.1	Acinetobacter equi
GCF_001310575.2	Vibrio owensii
GCF_001433435.1	Vibrio vulnificus
GCF_001447335.1	Aeromonas schubertii
GCF_001455225.1	Klebsiella ornithinolytica
GCF_001457635.1	Streptococcus pneumoniae
GCF_001469735.1	Vibrio alginolyticus
GCF_001481395.1	Aeromonas schubertii
GCF_001483145.1	Elizabethkingia miricola
GCF_001483985.1	Campylobacter iguaniorum
GCF_001484935.1	Acinetobacter johnsonii XBB1
GCF_001518855.1	Shigella sonnei
GCF_001521715.1	Enterobacter asburiae
GCF_001558295.2	Shigella sonnei
GCF_001558415.2	Vibrio fluvialis
GCF_001558435.2	Vibrio harveyi
GCF_001558475.2	Vibrio mimicus
GCF_001558855.2	Providencia stuartii
GCF_001558895.2	Morganella morganii
GCF_001559135.2	Serratia liquefaciens
GCF_001559215.2	Klebsiella aerogenes
GCF_001571545.2	Klebsiella aerogenes
GCF_001572725.1	Serratia rubidaea
GCF_001577285.1	Acinetobacter pittii
GCF_001579765.1	Clostridium perfringens
GCF_001593245.1	Aeromonas veronii
GCF_001596075.2	Klebsiella quasipneumoniae
GCF_001596175.2	Elizabethkingia anophelis
GCF_001605895.1	Acinetobacter pragensis
GCF_001612555.1	Acinetobacter sp. TGL-Y2
GCF_001617545.1	Acinetobacter pittii
GCF_001618465.2	Elizabethkingia anophelis
GCF_001634325.1	Aeromonas veronii
GCF_001641305.1	Enterococcus hirae
GCF_001642805.2	Serratia surfactantfaciens
GCF_001643275.2	Aeromonas salmonicida subsp. salmonicida
GCF_001643355.2	Aeromonas salmonicida subsp. salmonicida
GCF_001643955.1	Campylobacter hyointestinalis subsp. hyointestinalis LMG 9260
GCF_001643975.1	Campylobacter hyointestinalis subsp. lawsonii CCUG 27631
GCF_001643995.1	Campylobacter iguaniorum
GCF_001647675.1	Acinetobacter sp. NCu2D-2
GCF_001663115.1	Serratia plymuthica
GCF_001663135.1	Serratia plymuthica
GCF_001678755.1	Acinetobacter gandensis
GCF_001679745.1	Vibrio alginolyticus
GCF_001682335.1	Staphylococcus pseudintermedius
GCF_001682515.1	Acinetobacter gyllenbergii
GCF_001687475.2	Campylobacter hepaticus
GCF_001696605.3	Acinetobacter wuhouensis
GCF_001696615.3	Acinetobacter sp. WCHAc010034
GCF_001700855.1	Klebsiella ornithinolytica
GCF_001702455.1	Citrobacter freundii
GCF_001704115.1	Acinetobacter larvae
GCF_001704615.3	Acinetobacter defluvii
GCF_001707755.1	Acinetobacter celticus
GCF_001708035.2	Photobacterium damselae subsp. damselae
GCF_001718055.1	Citrobacter freundii
GCF_001729265.2	Edwardsiella piscicida
GCF_001729765.1	Enterobacter kobei
GCF_001729805.1	Enterobacter roggenkampii
GCF_001750725.1	Enterobacter ludwigii
GCF_001753185.1	Klebsiella sp. LTGPAF-6F
GCF_001767355.1	Vibrio mimicus
GCF_001866535.2	Klebsiella ornithinolytica
GCF_001870185.1	Klebsiella oxytoca
GCF_001874625.1	Providencia rettgeri
GCF_001885145.1	Streptococcus iniae
GCF_001888205.1	Providencia stuartii
GCF_001908435.2	Vibrio harveyi
GCF_001922365.1	Enterobacter cloacae complex sp. AR_0002
GCF_001922905.2	Cronobacter turicensis
GCF_001932555.1	Acinetobacter haemolyticus
GCF_001941585.1	Legionella pneumophila
GCF_001941805.1	Acinetobacter junii
GCF_001952955.1	Vibrio fluvialis
GCF_001953195.1	Acinetobacter soli
GCF_001969305.1	Klebsiella variicola
GCF_001971565.1	Acinetobacter schindleri
GCF_001976145.1	Serratia oryzae
GCF_001984825.2	Enterobacter chengduensis
GCF_002007805.1	Enterobacter roggenkampii
GCF_002012285.1	Acinetobacter pittii
GCF_002021755.1	Vibrio owensii
GCF_002021925.1	Campylobacter pinnipediorum subsp. pinnipediorum
GCF_002021945.1	Campylobacter pinnipediorum subsp. pinnipediorum
GCF_002021965.1	Campylobacter pinnipediorum subsp. pinnipediorum
GCF_002021985.1	Campylobacter pinnipediorum subsp. caledonicus
GCF_002022005.1	Campylobacter pinnipediorum subsp. caledonicus
GCF_002022105.1	Elizabethkingia meningoseptica
GCF_002022125.1	Elizabethkingia ursingii
GCF_002022145.1	Elizabethkingia meningoseptica
GCF_002022745.1	Neisseria lactamica
GCF_002023665.2	Elizabethkingia anophelis R26
GCF_002023715.1	Elizabethkingia occulta
GCF_002024805.1	Elizabethkingia bruuniana
GCF_002025605.1	Stenotrophomonas maltophilia
GCF_002025685.1	Enterobacter ludwigii
GCF_002055515.1	Acinetobacter calcoaceticus
GCF_002073255.2	Pasteurella multocida
GCF_002076875.1	Edwardsiella ictaluri
GCF_002076935.1	Acinetobacter lactucae
GCF_002080395.1	Campylobacter helveticus
GCF_002082665.1	Acinetobacter nosocomialis
GCF_002090195.1	Klebsiella sp. M5al
GCF_002104335.1	Campylobacter cuniculorum DSM 23162 = LMG 24588
GCF_002119505.2	Vibrio alginolyticus
GCF_002119545.1	Vibrio alginolyticus
GCF_002119785.2	Acinetobacter lwoffii
GCF_002135195.1	Acinetobacter terrae
GCF_002135235.1	Acinetobacter silvestris
GCF_002139095.2	Campylobacter vicugnae
GCF_002139825.2	Campylobacter vicugnae
GCF_002139855.1	Campylobacter porcelli
GCF_002139875.1	Campylobacter vicugnae
GCF_002139895.1	Campylobacter vicugnae
GCF_002139915.1	Campylobacter devanensis
GCF_002139935.1	Campylobacter lanienae NCTC 13004
GCF_002142615.1	Photobacterium damselae subsp. damselae
GCF_002142635.1	Shigella sonnei
GCF_002156805.1	Corynebacterium striatum
GCF_002158945.1	Acinetobacter pittii
GCF_002165245.3	Acinetobacter junii
GCF_002165255.2	Acinetobacter sp. WCHA45
GCF_002165295.2	Acinetobacter sp. WCHAc010052
GCF_002165305.2	Acinetobacter sp. WCHA55
GCF_002165345.2	Acinetobacter wuhouensis
GCF_002165375.2	Acinetobacter chinensis
GCF_002174125.1	Acinetobacter populi
GCF_002180335.1	Aeromonas salmonicida
GCF_002187935.3	Klebsiella quasipneumoniae subsp. similipneumoniae
GCF_002192595.1	Yersinia ruckeri
GCF_002208095.1	Enterobacter cloacae complex sp. ECNIH7
GCF_002211685.1	Enterobacter roggenkampii
GCF_002211925.1	Salmonella bongori serovar 66:z41:- str. SA19983605
GCF_002214245.1	Aeromonas salmonicida
GCF_002216835.1	Klebsiella michiganensis
GCF_002220115.1	Streptococcus iniae
GCF_002220735.1	Campylobacter sputorum bv. faecalis CCUG 20703
GCF_002220755.1	Campylobacter sputorum bv. paraureolyticus LMG 11764
GCF_002220775.1	Campylobacter sputorum subsp. bovis
GCF_002220795.1	Campylobacter sputorum subsp. sputorum bv. RM3237
GCF_002224265.1	Vibrio vulnificus NBRC 15645 = ATCC 27562
GCF_002233755.1	Acinetobacter piscicola
GCF_002238335.1	Campylobacter avium LMG 24591
GCF_002239895.2	Klebsiella quasipneumoniae
GCF_002269255.1	Klebsiella quasivariicola
GCF_002278015.2	Enterococcus hirae
GCF_002285575.1	Mannheimia haemolytica
GCF_002285935.1	Aeromonas dhakensis
GCF_002290285.1	Klebsiella michiganensis
GCF_002290485.1	Shigella boydii
GCF_002303275.1	Enterobacter cloacae
GCF_002356235.1	Photobacterium damselae subsp. piscicida
GCF_002370525.2	Acinetobacter guillouiae
GCF_002386305.1	Morganella morganii
GCF_002393505.1	Providencia alcalifaciens
GCF_002442495.2	Yersinia ruckeri
GCF_002504285.1	Edwardsiella tarda
GCF_002586745.1	Aeromonas sp. CU5
GCF_002587065.1	Aeromonas sp. CA23
GCF_002588845.1	Serratia fonticola
GCF_002688565.1	Acinetobacter sp. LoGeW2-3
GCF_002741615.1	Shigella dysenteriae
GCF_002761875.1	Acinetobacter junii
GCF_002787125.1	Streptococcus iniae
GCF_002795305.1	Aeromonas cavernicola
GCF_002796765.2	Vibrio fluvialis
GCF_002803945.1	Aeromonas veronii
GCF_002803965.1	Corynebacterium striatum
GCF_002804085.1	Corynebacterium striatum
GCF_002812985.1	Aeromonas lusitana
GCF_002813045.1	Acinetobacter bereziniae
GCF_002813065.1	Acinetobacter haemolyticus
GCF_002843235.3	Providencia huaxiensis
GCF_002850295.1	Vibrio harveyi
GCF_002850575.1	Enterobacter cancerogenus
GCF_002863305.2	Neisseria perflava
GCF_002863745.1	Acinetobacter pittii
GCF_002880615.1	Citrobacter freundii complex sp. CFNIH2
GCF_002887275.1	Elizabethkingia meningoseptica
GCF_002887655.1	Vibrio owensii
GCF_002891475.1	Morganella morganii
GCF_002902865.1	Aeromonas sp. ASNIH5
GCF_002903215.1	Citrobacter freundii complex sp. CFNIH3
GCF_002903305.1	Citrobacter freundii complex sp. CFNIH9
GCF_002903405.1	Aeromonas sp. ASNIH3
GCF_002903485.1	Aeromonas sp. ASNIH7
GCF_002934285.1	Aeromonas sp. ASNIH1
GCF_002934425.1	Aeromonas sp. ASNIH4
GCF_002934505.1	Citrobacter freundii complex sp. CFNIH4
GCF_002934695.1	Acinetobacter sp. ACNIH1
GCF_002934795.1	Aeromonas sp. ASNIH2
GCF_002934965.1	Acinetobacter sp. ACNIH2
GCF_002935055.1	Serratia sp. SSNIH1
GCF_002943855.1	Shigella dysenteriae
GCF_002946595.1	Acinetobacter sp. SWBY1
GCF_002947315.1	Providencia stuartii
GCF_002949175.1	Shigella boydii
GCF_002949345.1	Shigella dysenteriae
GCF_002949415.1	Shigella dysenteriae
GCF_002949475.1	Shigella boydii
GCF_002950395.1	Shigella sonnei
GCF_002950775.1	Staphylococcus pseudintermedius
GCF_002951295.1	Acinetobacter nosocomialis
GCF_002953335.1	Vibrio diabolicus
GCF_002953355.1	Vibrio diabolicus
GCF_002953375.1	Vibrio fluvialis
GCF_002953395.1	Vibrio diabolicus
GCF_002953575.2	Acinetobacter indicus
GCF_002966855.1	Serratia sp. MYb239
GCF_002980175.2	Acinetobacter sp. MYb10
GCF_002982195.1	Enterobacter cloacae
GCF_002984195.1	Providencia rettgeri
GCF_002984395.1	Klebsiella oxytoca
GCF_002993105.1	Acinetobacter radioresistens
GCF_003010695.1	Enterobacter cloacae complex sp. FDA-CDC-AR_0132
GCF_003015165.1	Aeromonas rivipollensis
GCF_003019925.1	Pluralibacter gergoviae
GCF_003024515.2	Acinetobacter sichuanensis
GCF_003024525.3	Acinetobacter cumulans
GCF_003048375.1	Campylobacter concisus
GCF_003048595.2	Campylobacter concisus
GCF_003048615.2	Campylobacter concisus
GCF_003048675.2	Campylobacter concisus
GCF_003054425.1	Edwardsiella ictaluri
GCF_003058405.2	Edwardsiella ictaluri
GCF_003071645.1	Enterobacter cloacae complex sp. FDA-CDC-AR_0164
GCF_003072585.2	Acinetobacter schindleri
GCF_003073975.1	Klebsiella oxytoca
GCF_003074715.2	Edwardsiella piscicida
GCF_003074735.2	Edwardsiella piscicida
GCF_003074875.2	Edwardsiella tarda
GCF_003074995.2	Edwardsiella ictaluri
GCF_003113435.3	Edwardsiella tarda
GCF_003113455.3	Edwardsiella tarda
GCF_003130755.1	Photobacterium damselae
GCF_003143895.1	Acinetobacter nosocomialis
GCF_003148415.1	Bacillus inaquosorum
GCF_003176875.1	Legionella anisa
GCF_003204135.1	Providencia rettgeri
GCF_003258335.1	Acinetobacter radioresistens
GCF_003261575.2	Klebsiella huaxiensis
GCF_003294855.2	Aeromonas caviae
GCF_003323815.1	Acinetobacter haemolyticus
GCF_003323835.1	Klebsiella sp. X13
GCF_003335165.1	Acinetobacter johnsonii
GCF_003351545.1	Neisseria elongata
GCF_003351565.1	Neisseria lactamica
GCF_003351665.1	Neisseria subflava
GCF_003351685.1	Neisseria elongata
GCF_003355195.1	Neisseria polysaccharea
GCF_003369925.1	Listeria kieliensis
GCF_003430865.2	Acinetobacter haemolyticus
GCF_003516125.1	Cronobacter sakazakii
GCF_003589905.1	Streptococcus iniae
GCF_003589945.1	Streptococcus iniae
GCF_003591175.1	Serratia inhibens
GCF_003611465.1	Acinetobacter tianfuensis
GCF_003611475.1	Acinetobacter rongchengensis
GCF_003641105.1	Serratia sp. 1D1416
GCF_003664645.1	Acinetobacter chengduensis
GCF_003665375.1	Enterobacter kobei
GCF_003668775.1	Serratia sp. 3ACOL1
GCF_003691505.1	Vibrio owensii
GCF_003691545.1	Vibrio owensii
GCF_003691565.1	Serratia sp. P2ACOL2
GCF_003719595.1	Serratia sp. LS-1
GCF_003721455.1	Shewanella algae
GCF_003790505.1	Klebsiella sp. P1CD1
GCF_003812145.1	Enterobacter roggenkampii
GCF_003812205.1	Acinetobacter sp. FDAARGOS_560
GCF_003812225.1	Acinetobacter sp. FDAARGOS_494
GCF_003812245.1	Acinetobacter sp. FDAARGOS_493
GCF_003812745.1	Serratia sp. FDAARGOS_506
GCF_003812845.1	Klebsiella sp. FDAARGOS_511
GCF_003925855.2	Aeromonas caviae
GCF_003938405.2	Acinetobacter variabilis
GCF_003939325.2	Acinetobacter johnsonii
GCF_003939335.2	Acinetobacter junii
GCF_003939355.2	Acinetobacter junii
GCF_003940765.1	Enterobacter asburiae
GCF_003952785.1	Acinetobacter johnsonii
GCF_003966675.1	Acinetobacter ursingii
GCF_004010735.1	Salmonella sp. SSDFZ54
GCF_004010755.1	Salmonella sp. SSDFZ69
GCF_004010915.1	Klebsiella sp. LY
GCF_004011885.1	Serratia microhaemolytica
GCF_004104525.2	Klebsiella grimontii
GCF_004135105.1	Photobacterium damselae subsp. damselae
GCF_004138605.1	Enterobacter roggenkampii
GCF_004151415.2	Acinetobacter lwoffii
GCF_004208515.1	Acinetobacter halotolerans
GCF_004295305.1	Acinetobacter nosocomialis
GCF_004331155.1	Acinetobacter terrestris
GCF_004337595.1	Acinetobacter johnsonii
GCF_004345045.1	Campylobacter volucris
GCF_004345065.1	Campylobacter helveticus
GCF_004379355.1	Acinetobacter haemolyticus
GCF_004636605.1	Listeria innocua
GCF_004636665.1	Listeria innocua
GCF_004636745.1	Listeria innocua
GCF_004684265.1	Serratia quinivorans
GCF_004768745.1	Serratia nematodiphila
GCF_004801555.1	Citrobacter portucalensis
GCF_004803775.1	Campylobacter mucosalis CCUG 21559
GCF_004803795.1	Campylobacter rectus
GCF_004803815.1	Campylobacter showae
GCF_004803835.1	Campylobacter californiensis
GCF_004803855.2	Campylobacter sp. RM16192
GCF_004804375.1	Enterobacter bugandensis
GCF_004804395.1	Enterobacter bugandensis
GCF_004919485.1	Aeromonas schubertii
GCF_005157325.1	Providencia heimbachae
GCF_005221305.1	Neisseria subflava
GCF_005234115.1	Elizabethkingia sp. 2-6
GCF_005406205.1	Campylobacter estrildidarum
GCF_005406215.1	Campylobacter aviculae
GCF_005406225.1	Campylobacter taeniopygiae
GCF_005489985.1	Serratia fonticola
GCF_005518115.1	Enterobacter ludwigii
GCF_005519305.1	Acinetobacter radioresistens
GCF_005844045.1	Campylobacter hyointestinalis subsp. hyointestinalis
GCF_005860775.1	Klebsiella indica
GCF_005885795.1	Treponema pallidum subsp. pallidum
GCF_006051015.1	Salmonella bongori
GCF_006088815.1	Elizabethkingia sp. JS20170427COW
GCF_006094455.1	Morganella morganii subsp. morganii
GCF_006113225.1	Salmonella bongori
GCF_006352475.1	Acinetobacter pullicarnis
GCF_006711645.1	Klebsiella electrica
GCF_006757745.1	Acinetobacter radioresistens DSM 6976 = NBRC 102413 = CIP 103788
GCF_006864425.1	Campylobacter troglodytis
GCF_006970665.1	Serratia liquefaciens
GCF_007035645.1	Enterobacter asburiae
GCF_007035805.1	Enterobacter asburiae
GCF_007179295.1	Aeromonas caviae
GCF_007833615.1	Acinetobacter schindleri
GCF_007845795.2	Cronobacter turicensis
GCF_008086465.1	Citrobacter portucalensis
GCF_008245005.1	Campylobacter sputorum subsp. sputorum
GCF_008245025.1	Campylobacter lari subsp. concheus
GCF_008245045.1	Campylobacter volucris
GCF_008364325.2	Serratia liquefaciens
GCF_008364425.2	Klebsiella grimontii
GCF_008364725.2	Citrobacter portucalensis
GCF_008365235.1	Enterobacter kobei
GCF_008369605.1	Vibrio cholerae
GCF_008370165.1	Serratia symbiotica
GCF_008630915.1	Acinetobacter suaedae
GCF_008693185.1	Acinetobacter qingfengensis
GCF_008693605.1	Citrobacter portucalensis
GCF_008693705.1	Aeromonas veronii
GCF_008694045.1	Klebsiella planticola
GCF_008867985.1	Acinetobacter tandoii
GCF_008931545.1	Enterobacter kobei
GCF_008932145.1	Cronobacter sp. JZ38
GCF_009035845.1	Acinetobacter baumannii
GCF_009036245.1	Enterobacter sichuanensis
GCF_009036385.1	Campylobacter armoricus
GCF_009176645.1	Enterobacter oligotrophicus
GCF_009183365.2	Shewanella algae
GCF_009296145.1	Acinetobacter indicus
GCF_009372255.1	Acinetobacter guerrae
GCF_009557235.1	Acinetobacter wanghuae
GCF_009648575.1	Listeria innocua
GCF_009648915.1	Enterobacter cancerogenus
GCF_009649915.1	Kluyvera intermedia
GCF_009650415.1	Kluyvera intermedia
GCF_009660185.1	Serratia proteamaculans
GCF_009665195.1	Vibrio mimicus
GCF_009665255.1	Vibrio metoecus
GCF_009665275.1	Vibrio metoecus
GCF_009676805.1	Acinetobacter towneri
GCF_009690845.1	Campylobacter portucalensis
GCF_009730095.1	Acinetobacter lwoffii
GCF_009730395.1	Campylobacter coli
GCF_009730655.1	Shewanella algae
GCF_009734005.1	Enterococcus faecium
GCF_009734145.1	Acinetobacter indicus
GCF_009758075.1	Streptococcus equinus
GCF_009758095.1	Streptococcus equinus
GCF_009763185.1	Vibrio fluvialis
GCF_009763465.1	Vibrio fluvialis
GCF_009763765.1	Vibrio metschnikovii
GCF_009763865.1	Vibrio metoecus
GCF_009763905.1	Vibrio metoecus
GCF_009763925.1	Vibrio metschnikovii
GCF_009764005.1	Vibrio mimicus
GCF_009764025.1	Vibrio mimicus
GCF_009817885.1	Serratia rhizosphaerae
GCF_009831665.3	Serratia symbiotica
GCF_009846595.1	Shewanella algae
GCF_009884975.1	Acinetobacter dispersus
GCF_009892245.1	Acinetobacter haemolyticus
GCF_009904105.1	Elizabethkingia argenteiflava
GCF_009905295.1	Serratia sp. NGAS9
GCF_009905335.1	Klebsiella sp. MPUS7
GCF_009914375.1	Acinetobacter indicus
GCF_009914395.1	Acinetobacter indicus
GCF_009914475.1	Acinetobacter indicus
GCF_009931135.1	Aeromonas media
GCF_009938095.1	Elizabethkingia miricola
GCF_009939195.1	Acinetobacter kanungonis
GCF_010119335.3	Serratia sp. HRI
GCF_010646905.1	Acinetobacter portensis
GCF_010748935.1	Providencia vermicola
GCF_010918635.1	Acinetobacter schindleri
GCF_010918895.1	Acinetobacter schindleri
GCF_010919095.1	Acinetobacter schindleri
GCF_011045615.1	Providencia sp. PROV004
GCF_011045635.2	Providencia sp. PROV012
GCF_011045655.1	Providencia sp. PROV061
GCF_011290675.2	Klebsiella planticola
GCF_011578045.1	Acinetobacter shaoyimingii
GCF_011578285.1	Acinetobacter lanii
GCF_011600945.2	Campylobacter fetus
GCF_011612125.1	Elizabethkingia meningoseptica
GCF_011691375.1	Serratia fonticola
GCF_011800755.1	Listeria valentina
GCF_011801455.1	Vibrio diabolicus
GCF_012029655.1	Klebsiella terrigena
GCF_012220585.1	Acinetobacter towneri
GCF_012222705.1	Enterococcus hirae
GCF_012516415.1	Acinetobacter sp. NEB149
GCF_012889415.1	Campylobacter sp. CFSAN093246
GCF_012889595.1	Campylobacter sp. CFSAN093241
GCF_012889735.1	Campylobacter sp. CFSAN093256
GCF_012889985.1	Campylobacter sp. CFSAN093259
GCF_012890095.1	Campylobacter sp. CFSAN093260
GCF_012897395.1	Campylobacter sp. CFSAN093224
GCF_012897595.1	Campylobacter sp. CFSAN093226
GCF_012897855.1	Campylobacter sp. CFSAN093227
GCF_012898015.1	Campylobacter sp. CFSAN093238
GCF_013009345.1	Acinetobacter geminorum
GCF_013030075.1	Neisseria gonorrhoeae
GCF_013085485.1	Aeromonas media
GCF_013085505.1	Aeromonas sp. 2692-1
GCF_013085525.1	Aeromonas sp. 1805
GCF_013085725.1	Aeromonas media
GCF_013085745.1	Aeromonas media
GCF_013114975.1	Salmonella sp. SCFS4
GCF_013122135.1	Acinetobacter lactucae
GCF_013177655.1	Campylobacter canadensis
GCF_013201605.1	Campylobacter ornithocola
GCF_013201645.1	Campylobacter corcagiensis
GCF_013201685.1	Campylobacter geochelonis
GCF_013201895.1	Campylobacter blaseri
GCF_013201975.1	Campylobacter sp. CCUG 57310
GCF_013284015.3	Serratia fonticola
GCF_013343215.1	Acinetobacter sp. 10FS3-1
GCF_013372105.1	Campylobacter armoricus
GCF_013372125.1	Campylobacter curvus
GCF_013372145.1	Campylobacter hyointestinalis subsp. hyointestinalis
GCF_013372165.1	Campylobacter hyointestinalis subsp. lawsonii
GCF_013372205.1	Campylobacter mucosalis
GCF_013372225.1	Campylobacter ureolyticus
GCF_013372245.1	Campylobacter upsaliensis RM3940
GCF_013374795.1	Acinetobacter sp. NEB 394
GCF_013391145.1	Enterococcus hirae
GCF_013462275.1	Klebsiella planticola
GCF_013487965.1	Aeromonas caviae
GCF_013590775.1	Klebsiella grimontii
GCF_013606065.1	Klebsiella grimontii
GCF_013608545.1	Klebsiella grimontii
GCF_013702025.1	Providencia rettgeri
GCF_013702185.1	Providencia alcalifaciens
GCF_013702265.1	Providencia rettgeri
GCF_013736875.1	Klebsiella sp. RHBSTW-00464
GCF_014041875.1	Streptococcus equinus
GCF_014055025.1	Neisseria bacilliformis
GCF_014168615.1	Aeromonas sp. WP2-W18-CRE-05
GCF_014168815.1	Klebsiella sp. WP3-W18-ESBL-02
GCF_014168915.1	Klebsiella sp. WP3-S18-ESBL-05
GCF_014169075.1	Klebsiella sp. WP4-W18-ESBL-05
GCF_014169515.1	Klebsiella sp. WP7-S18-CRE-02
GCF_014169535.1	Klebsiella sp. WP7-S18-CRE-03
GCF_014169555.1	Klebsiella sp. WP7-S18-ESBL-04
GCF_014169755.1	Klebsiella sp. WP8-S18-ESBL-06
GCF_014169935.1	Acinetobacter sp. BEC1-S18-ESBL-01
GCF_014217995.1	Campylobacter vulpis
GCF_014223975.1	Listeria aquatica
GCF_014227425.1	Listeria marthii
GCF_014228695.1	Listeria cossartiae subsp. cossartiae
GCF_014229295.1	Listeria farberi
GCF_014253065.1	Campylobacter massiliensis
GCF_014263185.1	Shewanella algae
GCF_014304635.1	Serratia ureilytica
GCF_014322845.1	Listeria immobilis
GCF_014322885.1	Listeria grandensis
GCF_014495865.1	Serratia liquefaciens
GCF_014596785.2	Klebsiella sp. K4
GCF_014635545.1	Acinetobacter courvalinii
GCF_014635885.1	Acinetobacter vivianii
GCF_014702225.1	Shewanella algae
GCF_014717515.1	Acinetobacter seifertii
GCF_014717695.1	Acinetobacter seifertii
GCF_014717935.1	Acinetobacter seifertii
GCF_014718155.1	Acinetobacter seifertii
GCF_014718355.1	Acinetobacter seifertii
GCF_014837015.1	Acinetobacter pecorum
GCF_014892695.1	Aeromonas simiae
GCF_014931055.1	Campylobacter corcagiensis
GCF_014931075.1	Campylobacter peloridis
GCF_014931215.1	Campylobacter sp. 2014D-0216
GCF_014931255.1	Campylobacter cuniculorum
GCF_015137655.1	Enterobacter bugandensis
GCF_015139575.1	Klebsiella michiganensis
GCF_015218165.1	Acinetobacter piscicola
GCF_015218525.1	Acinetobacter sp. YH12138
GCF_015224645.1	Acinetobacter sp. Ac-14
GCF_015354035.2	Cronobacter malonaticus
GCF_015534735.1	Salmonella sp. SJTUF14178
GCF_015534755.1	Salmonella sp. SJTUF14170
GCF_015534775.1	Salmonella sp. SJTUF14154
GCF_015534795.1	Salmonella sp. SJTUF14152
GCF_015534815.1	Salmonella sp. SJTUF14146
GCF_015534835.1	Salmonella sp. SJTUF14076
GCF_015571975.1	Klebsiella terrigena
GCF_015601345.1	Klebsiella sp. BDA134-6
GCF_015602665.1	Acinetobacter sp. TTH0-4
GCF_015602705.1	Acinetobacter lwoffii
GCF_015627105.1	Acinetobacter baretiae
GCF_015627125.1	Acinetobacter rathckeae
GCF_015627175.1	Acinetobacter pollinis
GCF_015689115.1	Serratia sp. CMO1
GCF_015689395.1	Streptococcus equi subsp. zooepidemicus
GCF_015697685.1	Listeria seeligeri
GCF_015774875.1	Campylobacter hepaticus
GCF_015832305.1	Providencia sp. 2.29
GCF_016026615.1	Aeromonas allosaccharophila
GCF_016026735.1	Serratia rubidaea
GCF_016027375.1	Clostridium perfringens
GCF_016028715.1	Neisseria cinerea
GCF_016064815.1	Acinetobacter seifertii
GCF_016070795.1	Edwardsiella ictaluri
GCF_016076515.1	Cronobacter muytjensii
GCF_016076875.1	Cronobacter dublinensis
GCF_016127195.1	Aeromonas jandaei
GCF_016469055.2	Serratia sp. PAMC26656
GCF_016576845.1	Acinetobacter bereziniae
GCF_016576965.1	Acinetobacter bereziniae
GCF_016598555.1	Elizabethkingia sp. M8
GCF_016599715.1	Acinetobacter sp. CS-2
GCF_016599735.1	Klebsiella sp. XY-1
GCF_016599835.1	Elizabethkingia bruuniana
GCF_016607565.1	Acinetobacter variabilis
GCF_016618195.1	Providencia manganoxydans
GCF_016726205.1	Acinetobacter ursingii
GCF_016726345.1	Acinetobacter ursingii
GCF_016728045.1	Serratia ureilytica
GCF_016728105.1	Corynebacterium striatum
GCF_016728205.1	Corynebacterium striatum
GCF_016766815.1	Enterococcus hirae
GCF_016804125.1	Klebsiella africana
GCF_016812015.1	Vibrio diabolicus
GCF_016865345.1	Aeromonas jandaei
GCF_016889445.1	Corynebacterium striatum
GCF_016939475.1	Acinetobacter calcoaceticus
GCF_017309605.1	Serratia ureilytica
GCF_017310235.1	Aeromonas dhakensis
GCF_017372215.1	Salmonella sp. SAL-020
GCF_017372255.1	Salmonella sp. SAL-045
GCF_017372375.1	Salmonella sp. SAL-007
GCF_017498585.1	Acinetobacter towneri
GCF_017498605.1	Acinetobacter towneri
GCF_017498625.1	Acinetobacter towneri
GCF_017498685.1	Yersinia ruckeri
GCF_018139045.1	Klebsiella pasteurii
GCF_018139125.1	Acinetobacter soli
GCF_018145655.1	Campylobacter anatolicus
GCF_018199955.1	Klebsiella sp. P1954
GCF_018204675.1	Klebsiella sp. P1927
GCF_018324105.1	Acinetobacter bouvetii
GCF_018336855.1	Acinetobacter junii
GCF_018388565.1	Salmonella sp. SJTUF15034
GCF_018388585.1	Salmonella sp. SJTUF14523
GCF_018388785.1	Klebsiella sp. A52
GCF_018409485.1	Acinetobacter variabilis
GCF_018438165.1	Acinetobacter sp. WY4
GCF_018454425.1	Acinetobacter sp. BHS4
GCF_018638795.1	Enterobacter mori
GCF_018802325.1	Aeromonas jandaei
GCF_018802365.1	Aeromonas jandaei
GCF_018885085.1	Clostridioides difficile
GCF_018966825.1	Serratia ureilytica
GCF_018968685.1	Campylobacter novaezeelandiae
GCF_019046905.1	Enterobacter bugandensis
GCF_019046925.1	Aeromonas sp. FDAARGOS 1402
GCF_019046985.1	Aeromonas sp. FDAARGOS 1417
GCF_019047045.1	Aeromonas sp. FDAARGOS 1419
GCF_019047065.1	Aeromonas sp. FDAARGOS 1414
GCF_019047085.1	Aeromonas sp. FDAARGOS 1404
GCF_019047125.1	Aeromonas sp. FDAARGOS 1411
GCF_019047325.1	Aeromonas sp. FDAARGOS 1403
GCF_019047785.1	Enterobacter cancerogenus
GCF_019048085.1	Aeromonas sp. FDAARGOS 1416
GCF_019048105.1	Providencia rettgeri
GCF_019048125.1	Klebsiella aerogenes
GCF_019048245.1	Enterobacter hormaechei
GCF_019048265.1	Aeromonas sp. FDAARGOS 1405
GCF_019048305.1	Acinetobacter lwoffii
GCF_019048365.1	Aeromonas sp. FDAARGOS 1415
GCF_019048565.1	Aeromonas sp. FDAARGOS 1406
GCF_019048585.1	Aeromonas sp. FDAARGOS 1418
GCF_019048645.1	Streptococcus mutans
GCF_019048665.1	Aeromonas sp. FDAARGOS 1408
GCF_019048705.1	Aeromonas sp. FDAARGOS 1409
GCF_019048725.1	Aeromonas sp. FDAARGOS 1407
GCF_019048745.1	Aeromonas sp. FDAARGOS 1410
GCF_019048985.1	Klebsiella sp. PL-2018
GCF_019056635.1	Enterobacter cloacae complex sp. ECL72
GCF_019056655.1	Enterobacter cloacae complex sp. ECL112
GCF_019203945.1	Enterobacter mori
GCF_019252525.1	Serratia fonticola
GCF_019295365.2	Serratia proteamaculans
GCF_019334725.1	Neisseria perflava
GCF_019343475.1	Providencia sp. R33
GCF_019355975.1	Acinetobacter septicus
GCF_019702905.1	Acinetobacter sp. Tol 5
GCF_019702925.1	Campylobacter sp. 19-13652
GCF_019856295.1	Klebsiella planticola
GCF_019880465.1	Enterobacter cancerogenus
GCF_019890895.1	Klebsiella sp. CTHL.F3a
GCF_019930825.1	Aeromonas enteropelogenes
GCF_019930885.1	Legionella anisa
GCF_019930945.1	Campylobacter hominis
GCF_019933175.1	Edwardsiella tarda
GCF_019968685.1	Serratia sp. JSRIV006
GCF_019968705.1	Serratia sp. JSRIV004
GCF_019968725.1	Serratia sp. JSRIV002
GCF_019968745.1	Serratia sp. JSRIV001
GCF_019968845.1	Serratia ureilytica
GCF_019968885.1	Klebsiella planticola
GCF_020042625.1	Enterobacter bugandensis
GCF_020097175.1	Aeromonas enteropelogenes
GCF_020097295.1	Aeromonas enteropelogenes
GCF_020097315.1	Aeromonas enteropelogenes
GCF_020099175.1	Klebsiella quasipneumoniae
GCF_020099375.1	Acinetobacter variabilis
GCF_020136095.1	Campylobacter molothri
GCF_020149545.1	Enterobacter cloacae complex sp. ECL352
GCF_020149575.1	Aeromonas rivuli
GCF_020150755.1	Salmonella sp. A29-2
GCF_020181675.1	Salmonella sp. A7
GCF_020221795.1	Salmonella sp. A39
GCF_020268625.1	Salmonella sp. JXY0409-18
GCF_020271745.1	Providencia alcalifaciens
GCF_020271765.1	Acinetobacter pseudolwoffii
GCF_020381325.1	Providencia vermicola
GCF_020405305.1	Aeromonas dhakensis
GCF_020405345.1	Aeromonas dhakensis
GCF_020423125.1	Aeromonas media
GCF_020494085.1	Enterobacter mori
GCF_020525545.1	Klebsiella variicola subsp. variicola
GCF_020525665.1	Klebsiella quasivariicola
GCF_020526085.1	Klebsiella africana
GCF_020641395.2	Stenotrophomonas maltophilia
GCF_020673335.1	Acinetobacter vivianii
GCF_020717785.1	Vibrio diabolicus
GCF_020736045.1	Haemophilus influenzae
GCF_020736185.1	Campylobacter gracilis
GCF_020736205.1	Campylobacter rectus
GCF_020736225.1	Campylobacter curvus
GCF_020858655.1	Serratia montpellierensis
GCF_021165835.1	Acinetobacter calcoaceticus
GCF_021165855.1	Acinetobacter calcoaceticus
GCF_021184225.1	Klebsiella sp. KPN54798
GCF_021228735.1	Klebsiella pasteurii
GCF_021391415.1	Serratia ureilytica
GCF_021391555.1	Acinetobacter sp. SH20PTE14
GCF_021431905.1	Elizabethkingia miricola
GCF_021432045.1	Acinetobacter towneri
GCF_021462285.1	Serratia entomophila
GCF_021498225.1	Serratia rubidaea
GCF_021498245.1	Serratia rubidaea
GCF_021733145.1	Edwardsiella piscicida
GCF_021869625.1	Enterobacter cloacae complex sp. ECL404
GCF_021869645.1	Enterobacter cloacae complex sp. ECL405
GCF_021869665.1	Enterobacter cloacae complex sp. ECL411
GCF_021869685.1	Enterobacter cloacae complex sp. ECL414
GCF_021869705.1	Klebsiella sp. PCX
GCF_022014715.1	Enterobacter mori
GCF_022354085.1	Shigella dysenteriae
GCF_022369435.1	Campylobacter molothri
GCF_022369455.1	Campylobacter sp. RM5004
GCF_022369475.1	Campylobacter sp. RM12651
GCF_022601685.1	Acinetobacter sedimenti
GCF_022605325.1	Klebsiella sp. HC6
GCF_022699605.1	Acinetobacter sp. LUNF3
GCF_022703095.1	Aeromonas dhakensis
GCF_022810625.1	Streptococcus equinus
GCF_022818695.2	Klebsiella quasivariicola
GCF_022819285.1	Acinetobacter sp. PK01
GCF_022828975.1	Acinetobacter sp. NyZ410
GCF_022869645.1	Neisseria meningitidis
GCF_023016345.1	Treponema pallidum subsp. pallidum
GCF_023016365.1	Treponema pallidum subsp. pallidum
GCF_023023125.1	Enterobacter kobei
GCF_023158935.1	Acinetobacter portensis
GCF_023238325.1	Bacillus inaquosorum
GCF_023282985.1	Serratia silvae
GCF_023374935.1	Citrobacter portucalensis
GCF_023499985.1	Acinetobacter amyesii
GCF_023612055.1	Acinetobacter sp. AS23
GCF_023650915.1	Vibrio alginolyticus
GCF_023702675.1	Acinetobacter sp. C26M
GCF_023702695.1	Acinetobacter sp. C26G
GCF_023702715.1	Acinetobacter sp. C32I
GCF_023704035.1	Klebsiella africana
GCF_023704235.1	Providencia vermicola
GCF_023757925.1	Acinetobacter sp. AHP123
GCF_023824315.1	Acinetobacter tibetensis
GCF_023920205.1	Aeromonas dhakensis
GCF_023920705.1	Acinetobacter sp. XS-4
GCF_024029875.1	Serratia symbiotica
GCF_024086695.1	Serratia entomophila
GCF_024112375.1	Aeromonas encheleia
GCF_024123775.1	Elizabethkingia meningoseptica
GCF_024205685.1	Neisseria subflava
GCF_024205705.1	Neisseria subflava
GCF_024205725.1	Neisseria subflava
GCF_024205745.1	Neisseria subflava
GCF_024296805.1	Serratia nematodiphila
GCF_024296945.1	Acinetobacter sp. Z1
GCF_024582815.1	Acinetobacter colistiniresistens
GCF_024599795.1	Enterobacter cloacae complex sp. R_G8
GCF_024605785.1	Acinetobacter sp. YH16040_T
GCF_024605895.1	Acinetobacter sp. YH16056_T
GCF_024606005.1	Acinetobacter sp. YH12068_T
GCF_024732405.1	Streptococcus equinus
GCF_025232695.1	Salmonella sp. FORC89
GCF_025244905.1	Enterobacter mori
GCF_025319965.1	Campylobacter sp. RM16187
GCF_025398455.1	Acinetobacter variabilis
GCF_025398815.1	Acinetobacter baylyi
GCF_025398855.1	Acinetobacter baylyi
GCF_025426275.1	Salmonella sp. 3C
GCF_025723105.1	Acinetobacter ursingii
GCF_025723125.1	Acinetobacter ursingii
GCF_025813515.1	Klebsiella sp. KP20-425-1
GCF_025917725.1	Vibrio owensii
GCF_026168575.1	Acinetobacter entericus
GCF_026247685.1	Salmonella sp. 2018103
GCF_026278285.1	Bacillus inaquosorum
GCF_026314315.1	Klebsiella sp. DY2415
GCF_026344175.1	Acinetobacter nematophilus
GCF_026898195.1	Campylobacter hepaticus
GCF_027105035.1	Acinetobacter sp. TR11
GCF_027105055.1	Acinetobacter sp. TR3
GCF_027239995.1	Acinetobacter sp. AOR07_HL
GCF_027362595.1	Providencia sp. 21OH12SH02B-Prov
GCF_027474885.1	Serratia myotis
GCF_027557545.1	Serratia rubidaea
GCF_027595165.1	Providencia sp. PROV188
GCF_027886705.1	Kosakonia oryzendophytica
GCF_027921545.1	Klebsiella electrica
GCF_028355655.1	Aeromonas salmonicida
GCF_028596125.1	Listeria innocua
GCF_028621895.1	Acinetobacter sp. GSS19
GCF_028649595.1	Campylobacter magnus
GCF_028751155.1	Aeromonas bestiarum
GCF_028867355.1	Listeria sp. LM90SB2
GCF_029024105.1	Acinetobacter lwoffii
GCF_029024985.1	Aeromonas allosaccharophila
GCF_029025845.1	Acinetobacter sp. TAC-1
GCF_029193595.2	Providencia hangzhouensis
GCF_029202345.1	Kluyvera intermedia
GCF_029202365.1	Klebsiella huaxiensis
GCF_029227755.1	Cronobacter dublinensis subsp. beijingensis
GCF_029227785.1	Cronobacter dublinensis subsp. infanticibi
GCF_029277485.1	Elizabethkingia miricola
GCF_029392135.1	Acinetobacter sp. ESL0695
GCF_029542345.1	Providencia vermicola
GCF_029542725.1	Enterobacter quasiroggenkampii
GCF_029866885.1	Salmonella sp. SA17155
GCF_029866905.1	Salmonella sp. SA14318
GCF_029873235.1	Kluyvera intermedia
GCF_029873335.1	Elizabethkingia miricola
GCF_029916905.1	Acinetobacter bereziniae
GCF_029916945.1	Acinetobacter bereziniae
GCF_029948165.1	Bacillus inaquosorum
GCF_029962125.1	Salmonella sp. SA15303
GCF_029962585.1	Providencia alcalifaciens
GCF_029962605.1	Serratia sarumanii
GCF_029962625.1	Serratia sp. K-E0102
GCF_030025495.2	Cronobacter turicensis
GCF_030025545.2	Cronobacter turicensis
GCF_030026815.2	Cronobacter malonaticus
GCF_030053775.1	Acinetobacter corruptisaponis
GCF_030060435.1	Vibrio harveyi
GCF_030126265.2	Cronobacter malonaticus
GCF_030128945.2	Bacillus inaquosorum
GCF_030169945.1	Klebsiella pasteurii
GCF_030177695.1	Bacillus inaquosorum
GCF_030179475.1	Serratia nevei
GCF_030249845.1	Campylobacter gastrosuis
GCF_030250085.1	Campylobacter felis
GCF_030253455.1	Klebsiella electrica
GCF_030291735.1	Serratia marcescens
GCF_030315915.2	Providencia zhijiangensis
GCF_030323065.1	Klebsiella sp. ZYC-1
GCF_030323705.1	Mycobacterium tuberculosis complex sp. N0052
GCF_030323725.1	Mycobacterium tuberculosis complex sp. N0072
GCF_030323745.1	Mycobacterium tuberculosis complex sp. N0145
GCF_030323765.1	Mycobacterium tuberculosis complex sp. N0153
GCF_030323785.1	Mycobacterium tuberculosis complex sp. N0155
GCF_030323805.1	Mycobacterium tuberculosis complex sp. N0157
GCF_030385805.1	Acinetobacter thutiue
GCF_030389145.1	Klebsiella terrigena
GCF_030505655.1	Klebsiella ornithinolytica
GCF_030518655.1	Acinetobacter variabilis
GCF_030544955.1	Enterobacter mori
GCF_030580635.1	Vibrio metoecus
GCF_030863825.1	Serratia nevei
GCF_030863845.1	Serratia nevei
GCF_030913345.1	Acinetobacter sp. A22
GCF_031326185.1	Acinetobacter bereziniae
GCF_031432835.1	Enterobacter cloacae complex sp. EB5
GCF_031843265.2	Listeria swaminathanii
GCF_031885195.1	Acinetobacter faecalis
GCF_032704305.1	Providencia sp. PROV114
GCF_032706145.1	Providencia sp. PROV040
GCF_032707045.1	Providencia sp. PROV175
GCF_032707925.1	Providencia sp. PROV099
GCF_032708865.1	Providencia sp. PROV046
GCF_032709665.1	Providencia sp. PROV024
GCF_032821795.1	Acinetobacter sp. SAAs470
GCF_032823475.1	Acinetobacter sp. SAAs474
GCF_032824215.1	Acinetobacter chinensis
GCF_032849865.1	Aeromonas allosaccharophila
GCF_032854045.1	Cronobacter malonaticus
GCF_033095805.1	Serratia sp. UGAL515B_01
GCF_033100215.1	Klebsiella sp. w6
GCF_033348475.1	Aeromonas sp. XH
GCF_033349375.1	Aeromonas sp. CD
GCF_033439925.1	Acinetobacter sp. 16
GCF_033558715.1	Acinetobacter sp. YWS30-1
GCF_033675045.1	Providencia sp. PROV280
GCF_033675065.1	Providencia sp. PROV279
GCF_033675175.1	Providencia sp. PROV278
GCF_033675425.1	Providencia sp. PROV277
GCF_033676005.1	Providencia sp. PROV252
GCF_033676985.1	Providencia sp. PROV236
GCF_033677505.1	Providencia sp. PROV228
GCF_033678165.1	Providencia sp. PROV224
GCF_033678845.1	Providencia sp. PROV170
GCF_033679665.1	Providencia sp. PROV162
GCF_033680645.1	Providencia sp. PROV161
GCF_033681625.1	Providencia sp. PROV109
GCF_033682525.1	Providencia sp. PROV103
GCF_033683345.1	Providencia sp. PROV102
GCF_033684125.1	Providencia sp. PROV101
GCF_033685245.1	Providencia sp. PROV100
GCF_033685685.1	Providencia sp. PROV084
GCF_033686385.1	Providencia sp. PROV083
GCF_033687125.1	Providencia sp. PROV081
GCF_033688105.1	Providencia sp. PROV080
GCF_033688125.1	Providencia sp. PROV073
GCF_033688145.1	Providencia sp. PROV050
GCF_033688165.1	Providencia sp. PROV048
GCF_033688185.1	Providencia sp. PROV008
GCF_033688205.1	Providencia sp. PROV007
GCF_033841795.2	Bacillus cereus group sp. BfR-BA-01700
GCF_033956065.1	Burkholderia mallei
GCF_034042775.1	Staphylococcus pseudintermedius
GCF_034187745.1	Acinetobacter faecalis
GCF_034424175.1	Kluyvera intermedia
GCF_034447505.1	Acinetobacter oleivorans
GCF_034509165.1	Elizabethkingia miricola
GCF_034567995.1	Aeromonas allosaccharophila
GCF_034661195.1	Providencia huashanensis
GCF_035620215.1	Klebsiella sp. ZJOU C1
GCF_035747985.1	Providencia stuartii
GCF_035749045.1	Serratia sarumanii
GCF_035749905.1	Serratia sarumanii
GCF_035752725.1	Serratia sarumanii
GCF_035916735.1	Acinetobacter minutum
GCF_036216585.1	Acinetobacter guillouiae
GCF_036287845.1	Klebsiella pasteurii
GCF_036561945.1	Klebsiella scottii
GCF_036561965.2	Klebsiella lignicola
GCF_036896575.1	Acinetobacter sp. KS-LM10
GCF_036897355.1	Providencia huaxiensis
GCF_036897975.1	Providencia huaxiensis
GCF_036898085.1	Providencia huaxiensis
GCF_036898125.1	Providencia hangzhouensis
GCF_036898155.1	Providencia huaxiensis
GCF_036898185.1	Providencia huaxiensis
GCF_036898205.1	Providencia vermicola
GCF_037056055.1	Listeria seeligeri
GCF_037062565.1	Listeria ivanovii
GCF_037063765.1	Listeria seeligeri
GCF_037076395.1	Aeromonas enteropelogenes
GCF_037076405.1	Aeromonas enteropelogenes
GCF_037811135.1	Aeromonas rivipollensis
GCF_037818705.1	Aeromonas popoffii
GCF_037890695.1	Aeromonas jandaei
GCF_037948395.1	Serratia nevei
GCF_038086725.1	Photobacterium damselae subsp. damselae
GCF_038449115.1	Providencia alcalifaciens
GCF_039523655.1	Morganella psychrotolerans
GCF_039542245.1	Acinetobacter puyangensis
GCF_039543765.1	Acinetobacter kookii
GCF_039545805.1	Acinetobacter soli
GCF_039556175.1	Listeria seeligeri
GCF_039679115.1	Acinetobacter sp. 8_A20231192
GCF_039718975.1	Enterobacter chuandaensis
GCF_039719025.1	Serratia inhibens
GCF_039725545.1	Acinetobacter calcoaceticus
GCF_039860695.1	Acinetobacter thermotolerans
GCF_039861365.1	Acinetobacter thermotolerans
GCF_039862095.1	Acinetobacter thermotolerans
GCF_039862785.1	Acinetobacter thermotolerans
GCF_039863455.1	Acinetobacter thermotolerans
GCF_039865415.1	Acinetobacter thermotolerans
GCF_040008265.1	Campylobacter sp. CCS1377
GCF_040059225.1	Enterobacter cloacae complex sp. Mu1197
GCF_040233925.1	Acinetobacter sp. A1-4-2
GCF_040235185.1	Vibrio metschnikovii
GCF_040235215.1	Listeria welshimeri
GCF_040315585.1	Vibrio metschnikovii
GCF_040448665.1	Bacillus cereus group sp. MS39
GCF_040581895.1	Aeromonas sp. 19NY04SH05-1
GCF_040588515.1	Vibrio metschnikovii
GCF_040744925.1	Acinetobacter sp. FL
GCF_040804525.1	Klebsiella sp. Shm-1
GCF_040893145.1	Kluyvera intermedia
GCF_040961385.1	Acinetobacter lactucae
GCF_041003725.1	Klebsiella pasteurii
GCF_041003735.1	Klebsiella pasteurii
GCF_041021885.1	Acinetobacter chenhuanii
GCF_041021895.1	Acinetobacter chenhuanii
GCF_041021905.1	Acinetobacter nosocomialis
GCF_041021915.1	Acinetobacter yuyunsongii
GCF_041021945.1	Acinetobacter radioresistens
GCF_041222845.1	Cronobacter condimenti
GCF_041222855.1	Cronobacter universalis
GCF_041222865.1	Cronobacter turicensis
GCF_041344805.1	Providencia sp. TYF-12
GCF_041433205.1	Neisseria perflava
GCF_041448735.1	Serratia odorifera
GCF_041501485.1	Acinetobacter radioresistens
GCF_041519375.1	Acinetobacter piscicola
GCF_041714735.1	Acinetobacter lactucae
GCF_041735015.1	Campylobacter bilis
GCF_041735045.1	Campylobacter bilis
GCF_041953405.1	Providencia xihuensis
GCF_041953975.1	Providencia zhejiangensis
GCF_041956835.1	Acinetobacter sp. RW6
GCF_042137965.1	Klebsiella grimontii
GCF_042434935.1	Enterobacter sichuanensis
GCF_042604575.1	Salmonella sp. HY31
GCF_042647985.1	Acinetobacter pseudolwoffii
GCF_042656365.1	Acinetobacter parvus
GCF_042748755.1	Aeromonas bestiarum
GCF_042932255.1	Salmonella sp. WC3
GCF_043964395.1	Enterobacter sichuanensis
GCF_043970025.1	Enterobacter soli
GCF_043971375.1	Enterobacter chengduensis
GCF_043972695.1	Enterobacter quasiroggenkampii
GCF_044057475.1	Acinetobacter sp. P1332
GCF_044130295.1	Acinetobacter uliginosus
GCF_044130335.1	Acinetobacter halobius
GCF_044336385.1	Aeromonas mytilicola subsp. aquatica
GCF_044594185.1	Serratia sp. szju
GCF_044784395.1	Acinetobacter venetianus
GCF_044793245.1	Salmonella sp. SJTUF15614
GCF_044865145.1	Serratia aquatilis
GCF_045040755.1	Providencia sp. PROV001
GCF_045040765.1	Providencia sp. PROV002
GCF_045040775.1	Providencia sp. PROV003
GCF_045040785.1	Providencia sp. PROV006
GCF_045062685.1	Neisseria oralis
GCF_045277115.1	Campylobacter sp. CFSAN122719
GCF_045277125.1	Campylobacter sp. CFSAN122748
GCF_045277135.1	Campylobacter sp. CFSAN122778
GCF_045277175.1	Pseudomonas putida group bacterium ESBL64
GCF_045278685.1	Acinetobacter soli
GCF_045278925.1	Enterobacter chuandaensis
GCF_045290325.1	Klebsiella terrigena
GCF_045348695.1	Enterobacter chuandaensis
GCF_045504005.1	Campylobacter canis
GCF_045519195.1	Pluralibacter gergoviae
GCF_045689465.1	Listeria welshimeri
GCF_045862005.1	Providencia rustigianii
GCF_046078285.1	Aeromonas bivalvium
GCF_046079545.1	Aeromonas rivipollensis
GCF_046087985.1	Aeromonas ichthyocola
GCF_046226845.1	Aeromonas rivipollensis
GCF_046272195.1	Enterobacter cancerogenus
GCF_046487885.1	Providencia pseudovermicola
GCF_046529755.1	Acinetobacter sp. 2019-01-05
GCF_046531865.1	Serratia sp. AXJ-M
GCF_046581335.1	Aeromonas sp. DSM 116730
GCF_046764905.1	Campylobacter parajejuni
GCF_047300875.1	Acinetobacter zhairuonensis
GCF_047456065.1	Serratia sp. BNK-10
GCF_047456075.1	Serratia sp. BNK-11
GCF_047456085.1	Serratia sp. BNK-12
GCF_047456145.1	Serratia sp. BNK-23
GCF_047456165.1	Serratia sp. BNK-26-a
GCF_047456175.1	Serratia sp. BNK-26-b
GCF_047528315.1	Acinetobacter courvalinii
GCF_047782995.1	Acinetobacter lactucae
GCF_047824255.1	Acinetobacter sp. SEK541
GCF_048516975.1	Providencia manganoxydans
GCF_048517035.1	Serratia sp. NFX21
GCF_048537555.1	Acinetobacter sp. A2
GCF_048568405.1	Enterobacter intestinihominis
GCF_048571855.1	Serratia nevei
GCF_048572855.1	Acinetobacter gandensis
GCF_048572875.1	Acinetobacter pseudolwoffii
GCF_048572885.1	Acinetobacter pseudolwoffii
GCF_048585715.1	Acinetobacter sp. LF10
GCF_048849215.1	Serratia nevei
GCF_049347135.1	Salmonella sp. 174
GCF_049393805.1	Streptococcus equinus
GCF_049665575.1	Aeromonas oralensis
GCF_049860605.1	Aeromonas sp. INTO2
GCF_049860615.1	Aeromonas sp. FL131
GCF_049901975.1	Providencia sp. PROV272
GCF_049901985.1	Providencia sp. PROV222
GCF_049901995.1	Providencia sp. PROV200
GCF_049902005.1	Providencia sp. PROV173
GCF_049902025.1	Providencia sp. PROV082
GCF_049942785.1	Cronobacter universalis
GCF_049949095.1	Acinetobacter sp. KB005
GCF_049949225.1	Klebsiella sp. R2A007
GCF_049959315.1	Serratia proteamaculans
GCF_050037615.1	Serratia sp. 2C06
GCF_050058015.1	Klebsiella sp. WOUb02
GCF_050469745.1	Providencia lanzhouensis
GCF_050500065.1	Serratia sarumanii
GCF_050574145.1	Salmonella sp. GDC200615
GCF_050586325.1	Campylobacter australis
GCF_050632285.1	Serratia sp. L9
GCF_050845915.1	Serratia nematodiphila
GCF_050909175.1	Providencia hangzhouensis
GCF_050909185.1	Providencia hangzhouensis
GCF_050909205.1	Providencia hangzhouensis
GCF_050990575.1	Providencia alcalifaciens
GCF_050990915.1	Acinetobacter proteolyticus
GCF_051040155.1	Providencia manganoxydans
GCF_051059255.1	Acinetobacter sp. CE-15
GCF_051125555.1	Aeromonas sp. NJAU223
GCF_051131685.1	Acinetobacter sp. PVC-6A
GCF_051131735.1	Klebsiella sp. B345
GCF_051131745.1	Klebsiella sp. R390
GCF_051131755.1	Klebsiella sp. R445
GCF_051131765.1	Klebsiella sp. I138
GCF_051131775.1	Klebsiella sp. MISC125
GCF_051131915.1	Bacillus cereus group sp. Sample44
GCF_051376105.1	Aeromonas molluscorum
GCF_051549745.1	Enterobacter chengduensis
GCF_051557445.1	Providencia hangzhouensis
GCF_051789135.1	Acinetobacter sp. PC34
GCF_051802815.1	Serratia bockelmannii
GCF_051803255.1	Serratia bockelmannii
GCF_051803715.1	Serratia sarumanii
GCF_051804585.1	Serratia bockelmannii
GCF_051804595.1	Serratia bockelmannii
GCF_051805415.1	Serratia bockelmannii
GCF_051805425.1	Serratia nematodiphila
GCF_051805435.1	Serratia bockelmannii
GCF_051853115.1	Listeria aquatica
GCF_051989105.1	Acinetobacter oleivorans
GCF_051992865.1	Klebsiella sp. CD33
GCF_052050045.1	Acinetobacter soli
GCF_052110755.1	Acinetobacter venetianus
GCF_052149045.1	Stenotrophomonas maltophilia group sp. RY12688
GCF_052373435.2	Enterobacter soli
GCF_052400455.1	Serratia sp. (in: enterobacteria)
GCF_052540735.1	Acinetobacter bohemicus
GCF_052544965.1	Acinetobacter sp. WZC-1
GCF_052605195.1	Stenotrophomonas maltophilia group sp. vghtpe118
GCF_052660225.1	Acinetobacter sp. G18
GCF_052661075.1	Acinetobacter vivianii
GCF_052721295.1	Enterobacter soli
GCF_052805795.1	Acinetobacter soli
GCF_053295075.1	Stenotrophomonas maltophilia group sp. P373
GCF_053543775.1	Acinetobacter endophylla
GCF_053646425.1	Providencia huashanensis
GCF_053691715.1	Enterobacter intestinihominis
GCF_053698775.1	Enterobacter chengduensis
GCF_053714435.1	Aeromonas piscicola
GCF_053747305.1	Klebsiella quasivariicola
GCF_053852345.1	Acinetobacter sp. T63
GCF_053891195.1	Acinetobacter pseudolwoffii
GCF_053901295.1	Providencia sp. PROV170
GCF_054052445.1	Aeromonas crassostreae
GCF_054052465.1	Aeromonas enterica
GCF_054052485.1	Aeromonas intestinalis
GCF_054053545.1	Enterobacter intestinihominis
GCF_054110345.1	Enterobacter oligotrophicus
GCF_054454475.1	Acinetobacter brisouioides
GCF_054459015.1	Acinetobacter venetianus
GCF_054495515.1	Aeromonas schubertii
GCF_054552755.1	Serratia sp. D1N4
GCF_054782275.1	Acinetobacter apis
GCF_054792795.1	Serratia sp. ID 25-353
GCF_054861205.1	Acinetobacter sp. TW_SC_4
GCF_054889255.1	Acinetobacter sp. X9
GCF_054889285.1	Acinetobacter sp. X5
GCF_055179795.1	Acinetobacter sp. BZX-2
GCF_055385675.1	Elizabethkingia sp. GTC18459
GCF_055388125.1	Serratia rubidaea
GCF_055389585.1	Providencia vermicola
GCF_055392545.1	Acinetobacter sp. Ac8
GCF_055397635.1	Campylobacter sp. GTC17093
GCF_055504815.2	Klebsiella sp. KOS9
GCF_055523375.1	Acinetobacter kookii
GCF_055632675.1	Enterobacter sichuanensis
GCF_055632775.1	Enterobacter sichuanensis
GCF_055686325.1	Acinetobacter amyesii
GCF_055686365.1	Acinetobacter sp.
GCF_055686385.1	Acinetobacter pecorum
GCF_055686405.1	Acinetobacter sp.
GCF_055790845.1	Serratia sp. YWN4
GCF_055790865.1	Serratia sp. K1WW1
GCF_055790885.1	Serratia sp. 25CWL12
GCF_055791085.1	Enterobacter intestinihominis
GCF_055810995.1	Acinetobacter sp. DL27
GCF_056033405.1	Acinetobacter sp. FB
GCF_056173745.1	Acinetobacter sp. QJM3NY_42
GCF_056376275.1	Serratia sp. AR11
GCF_056490265.1	Klebsiella sp. GFKo11
GCF_056493685.1	Serratia proteamaculans
GCF_056632455.1	Aeromonas sp. MTB
GCF_056632465.1	Aeromonas sp. MTB
GCF_056632575.1	Aeromonas sp. MTB
GCF_056632585.1	Aeromonas sp. MTB
GCF_056632595.1	Aeromonas sp. MTB
GCF_056673315.1	Enterobacter cloacae complex sp. HYC042_NIDB
GCF_056673325.1	Enterobacter cloacae complex sp. HYC080_NIDB
GCF_056673345.1	Enterobacter cloacae complex sp. HYC074_NIDB
GCF_056673375.1	Enterobacter cloacae complex sp. HYC003_NIDB
GCF_056712145.1	Klebsiella sp. F14
GCF_056712265.1	Klebsiella sp. F11
GCF_056712305.1	Klebsiella terrigena
GCF_056712365.1	Klebsiella terrigena
GCF_057165765.1	Acinetobacter sp. LMG 10606
GCF_057318915.1	Aeromonas sp. TS_SC_11
GCF_057369355.1	Acinetobacter gyllenbergii
GCF_057369415.1	Acinetobacter pseudolwoffii
GCF_057369595.1	Burkholderia cepacia complex sp. TUM26381
GCF_057439935.1	Burkholderia cepacia complex sp. TUM26381
GCF_057439955.1	Acinetobacter higginsii
GCF_057587535.1	Aeromonas rivipollensis
GCF_057621555.1	Providencia sp. LY12
GCF_057625985.1	Serratia montpellierensis
GCF_057652795.1	Klebsiella sp. Sb-30
GCF_057737035.1	Acinetobacter sp. 24-47-47
GCF_057737055.1	Acinetobacter sp. 24-47-64
GCF_057773165.1	Salmonella sp. SM10
GCF_057784655.1	Klebsiella sp. PK18
GCF_057834225.1	Serratia proteamaculans
GCF_057834345.1	Aeromonas bestiarum
GCF_057835305.1	Aeromonas bestiarum
GCF_057835315.1	Aeromonas bestiarum
GCF_057835465.1	Serratia sp. KH_031
GCF_057835785.1	Aeromonas bestiarum
GCF_057837655.1	Aeromonas encheleia
GCF_057837945.1	Aeromonas encheleia
GCF_057838225.1	Aeromonas encheleia
GCF_057838265.1	Aeromonas encheleia
GCF_057838385.1	Acinetobacter albensis
GCF_057839405.1	Acinetobacter sp. KH_038
GCF_057839655.1	Serratia sp. KH_031
GCF_058266935.1	Legionella anisa
GCF_058266975.1	Legionella anisa
GCF_058266995.1	Legionella anisa
GCF_058267035.1	Legionella anisa
GCF_058314715.1	Enterobacter soli
GCF_058354415.1	Enterobacter quasiroggenkampii
GCF_058355075.1	Enterobacter quasiroggenkampii
GCF_058383695.1	Enterobacter sichuanensis
GCF_058598345.1	Aeromonas rivipollensis
GCF_058599225.1	Acinetobacter sp. CAU_H_S142_4
GCF_058599305.1	Acinetobacter sp. CAU_H_S139_7
GCF_058599365.1	Acinetobacter sp. CAU_H_78
GCF_058599385.1	Acinetobacter sp. CAU_H_60
GCF_058599425.1	Acinetobacter sp. CAU_H_56
GCF_058599505.1	Acinetobacter sp. CAU_H_29a_1
GCF_058743305.1	Acinetobacter bohemicus
GCF_059294385.1	Enterobacter intestinihominis
GCF_059427185.1	Campylobacter upsaliensis
GCF_059449965.1	Elizabethkingia sp. SWEL
GCF_059579785.1	Acinetobacter sp. S-1
GCF_059615835.1	Aeromonas jandaei
GCF_059818145.1	Serratia grimesii
GCF_059941585.1	Acinetobacter sp. PVC-3-16
GCF_059941995.1	Acinetobacter sp. PVC-1-12
GCF_059981895.1	Providencia xihuensis
GCF_060106625.1	Acinetobacter sp. KZH-23
GCF_060106645.1	Acinetobacter sp. DTH-28
GCF_060137975.1	Acinetobacter pragensis
GCF_060221545.1	Acinetobacter sp. KZH-33
GCF_060284875.1	Morganella psychrotolerans
GCF_060284895.1	Morganella psychrotolerans
GCF_060483385.1	Serratia sp. GW821-FHT03G07
GCF_900086555.1	Neisseria weaveri
GCF_900094795.1	Kosakonia oryziphila
GCF_900095025.1	Acinetobacter albensis
GCF_900096915.1	Acinetobacter marinus
GCF_900096955.1	Acinetobacter boissieri
GCF_900107285.1	Acinetobacter kyonggiensis
GCF_900183385.1	Listeria costaricensis
GCF_900186025.1	Serratia grimesii
GCF_900186125.1	Listeria goaensis
GCF_900187015.1	Serratia ficaria
GCF_900187315.1	Listeria welshimeri
GCF_900322725.1	Enterobacter cloacae complex sp.
GCF_900323515.1	Acinetobacter stercoris
GCF_900324475.1	Enterobacter bugandensis
GCF_900444805.1	Acinetobacter calcoaceticus
GCF_900450575.1	Legionella bozemanae
GCF_900453895.1	Neisseria elongata
GCF_900460295.1	Vibrio metschnikovii
GCF_900460385.1	Vibrio mimicus
GCF_900475035.1	Streptococcus pyogenes
GCF_900475315.1	Neisseria cinerea
GCF_900475375.1	Elizabethkingia meningoseptica
GCF_900475815.1	Neisseria elongata subsp. glycolytica
GCF_900475855.1	Providencia heimbachae
GCF_900476005.1	Aeromonas caviae
GCF_900625095.1	Acinetobacter ihumii
GCF_900635815.1	Legionella cherrii
GCF_900636985.1	Klebsiella oxytoca
GCF_900637395.1	Campylobacter upsaliensis
GCF_900637545.1	Aeromonas encheleia
GCF_900637755.1	Providencia rustigianii
GCF_900637885.1	Campylobacter insulaenigrae
GCF_900638015.1	Listeria grayi
GCF_900638135.1	Serratia quinivorans
GCF_900638675.1	Campylobacter insulaenigrae
GCF_900638685.1	Neisseria weaveri
GCF_900639755.1	Legionella feeleii
GCF_900699785.1	Campylobacter showae
GCF_901482445.1	Neisseria lactamica
GCF_902158555.1	Klebsiella spallanzanii
GCF_902381815.1	Campylobacter curvus
GCF_902385725.1	Campylobacter lanienae
GCF_902385735.1	Campylobacter hyointestinalis
GCF_902387975.1	Pluralibacter gergoviae
GCF_902806445.1	Listeria sp. PSOL-1
GCF_904425455.1	Enterobacter cancerogenus
GCF_904859905.1	Citrobacter freundii
GCF_905120465.1	Campylobacter majalis
GCF_905120475.1	Campylobacter suis
GCF_905188235.1	Serratia sp. Tan611
GCF_905331265.2	Enterobacter cloacae
GCF_949788565.1	Streptococcus agalactiae
GCF_949794035.1	Serratia proteamaculans
GCF_963392925.1	Neisseria polysaccharea
GCF_963575615.1	Listeria rocourtiae subsp. hofi
GCF_963575625.1	Listeria tempestatis
GCF_964019515.1	Serratia symbiotica (Periphyllus acericola)
GCF_965200015.1	Acinetobacter sp.
GCF_965240475.1	Acinetobacter guillouiae
GCF_965261865.1	Acinetobacter sp.
GCF_977012015.1	Serratia inhibens
GCF_982235305.1	Acinetobacter pengchengensis
